{"0": [[18, 10, 0.8776994414539944, 0.4181937185085179, 32], [4, 91, 0.9988455359952018, 0.5616470866124307, 34], [46, 15, 0.9988455359952018, 0.6549712075602236, 33], [28, 58, 0.9988455359952018, 0.7274636649186751, 31], [45, 16, 0.9988455359952018, 0.8229140262826341, 30], [14, 101, 0.9988455359952018, 0.8575945080278031, 39], [25, 108, 0.9988455359952018, 0.8817607672278086, 30], [11, 13, 0.9988455359952018, 0.9333618390888976, 33], [6, 61, 0.9988455359952018, 0.9981250743323241, 30], [35, 94, 0.9988455359952018, 1.1275937531857374, 30], [10, 35, 0.9988455359952018, 1.2730179683862237, 35], [33, 106, 0.9988455359952018, 1.3941803433432862, 37], [15, 9, 0.9988455359952018, 1.5270231443280413, 35], [16, 107, 0.9988455359952018, 1.6263416846114798, 34], [26, 4, 0.9988455359952018, 1.725191436783566, 36], [2, 59, 0.9988455359952018, 1.818362593184184, 35], [8, 108, 0.9988455359952018, 1.9096283509666632, 30], [24, 93, 0.9988455359952018, 2.0135747535197623, 34], [13, 29, 0.9988455359952018, 2.094566477487932, 30], [19, 112, 0.9988455359952018, 2.1689074187356057, 38], [27, 6, 0.9988455359952018, 2.255613592891809, 35], [48, 96, 0.9988455359952018, 2.335483661643505, 35], [44, 113, 0.9988455359952018, 2.4190353195984087, 31], [29, 19, 0.9988455359952018, 2.511736353360872, 31], [37, 101, 0.9988455359952018, 2.5684185973692304, 35], [9, 2, 0.9988455359952018, 2.6345126579603644, 39], [3, 12, 0.9988455359952018, 2.687503128884523, 39], [43, 39, 0.9988455359952018, 2.7385178172799414, 33], [2, 111, 0.9988455359952018, 2.801776969397166, 32], [43, 104, 0.9988455359952018, 2.868814475602425, 38], [48, 14, 0.9988455359952018, 2.9202021089218255, 30], [20, 63, 0.9988455359952018, 2.9902446306572847, 38], [21, 35, 0.9988455359952018, 3.0487349462221602, 30], [37, 55, 0.9988455359952018, 3.1088819823220466, 30], [33, 23, 0.9988455359952018, 3.1699294356820573, 30], [31, 40, 0.9988455359952018, 3.2188460315792717, 31], [41, 13, 0.9988455359952018, 3.2635981541008747, 35], [2, 16, 0.9988455359952018, 3.323040605407378, 30], [45, 99, 0.9988455359952018, 3.366353524875175, 39], [13, 107, 0.9988455359952018, 3.4101574167917437, 39]], "1": [[18, 10, 0.8776994414539944, 0.4181937185085179, 32], [4, 91, 0.9988455359952018, 0.5616470866124307, 34], [46, 15, 0.9988455359952018, 0.6549712075602236, 33], [28, 58, 0.9988455359952018, 0.7274636649186751, 31], [45, 16, 0.9988455359952018, 0.8229140262826341, 30], [14, 101, 0.9988455359952018, 0.8575945080278031, 39], [25, 108, 0.9988455359952018, 0.8817607672278086, 30], [11, 13, 0.9988455359952018, 0.9333618390888976, 33], [6, 61, 0.9988455359952018, 0.9981250743323241, 30], [35, 94, 0.9988455359952018, 1.1275937531857374, 30], [10, 35, 0.9988455359952018, 1.2730179683862237, 35], [33, 106, 0.9988455359952018, 1.3941803433432862, 37], [15, 9, 0.9988455359952018, 1.5270231443280413, 35], [16, 107, 0.9988455359952018, 1.6263416846114798, 34], [26, 4, 0.9988455359952018, 1.725191436783566, 36], [2, 59, 0.9988455359952018, 1.818362593184184, 35], [8, 108, 0.9988455359952018, 1.9096283509666632, 30], [24, 93, 0.9988455359952018, 2.0135747535197623, 34], [13, 29, 0.9988455359952018, 2.094566477487932, 30], [19, 112, 0.9988455359952018, 2.1689074187356057, 38], [27, 6, 0.9988455359952018, 2.255613592891809, 35], [48, 96, 0.9988455359952018, 2.335483661643505, 35], [44, 113, 0.9988455359952018, 2.4190353195984087, 31], [29, 19, 0.9988455359952018, 2.511736353360872, 31], [37, 101, 0.9988455359952018, 2.5684185973692304, 35], [9, 2, 0.9988455359952018, 2.6345126579603644, 39], [3, 12, 0.9988455359952018, 2.687503128884523, 39], [43, 39, 0.9988455359952018, 2.7385178172799414, 33], [2, 111, 0.9988455359952018, 2.801776969397166, 32], [43, 104, 0.9988455359952018, 2.868814475602425, 38], [48, 14, 0.9988455359952018, 2.9202021089218255, 30], [20, 63, 0.9988455359952018, 2.9902446306572847, 38], [21, 35, 0.9988455359952018, 3.0487349462221602, 30], [37, 55, 0.9988455359952018, 3.1088819823220466, 30], [33, 23, 0.9988455359952018, 3.1699294356820573, 30], [31, 40, 0.9988455359952018, 3.2188460315792717, 31], [41, 13, 0.9988455359952018, 3.2635981541008747, 35], [2, 16, 0.9988455359952018, 3.323040605407378, 30], [45, 99, 0.9988455359952018, 3.366353524875175, 39], [13, 107, 0.9988455359952018, 3.4101574167917437, 39]], "2": [[18, 10, 0.8776994414539944, 0.4181937185085179, 32], [4, 91, 0.9988455359952018, 0.5616470866124307, 34], [46, 15, 0.9988455359952018, 0.6549712075602236, 33], [28, 58, 0.9988455359952018, 0.7274636649186751, 31], [45, 16, 0.9988455359952018, 0.8229140262826341, 30], [14, 101, 0.9988455359952018, 0.8575945080278031, 39], [25, 108, 0.9988455359952018, 0.8817607672278086, 30], [11, 13, 0.9988455359952018, 0.9333618390888976, 33], [6, 61, 0.9988455359952018, 0.9981250743323241, 30], [35, 94, 0.9988455359952018, 1.1275937531857374, 30], [10, 35, 0.9988455359952018, 1.2730179683862237, 35], [33, 106, 0.9988455359952018, 1.3941803433432862, 37], [15, 9, 0.9988455359952018, 1.5270231443280413, 35], [16, 107, 0.9988455359952018, 1.6263416846114798, 34], [26, 4, 0.9988455359952018, 1.725191436783566, 36], [2, 59, 0.9988455359952018, 1.818362593184184, 35], [8, 108, 0.9988455359952018, 1.9096283509666632, 30], [24, 93, 0.9988455359952018, 2.0135747535197623, 34], [13, 29, 0.9988455359952018, 2.094566477487932, 30], [19, 112, 0.9988455359952018, 2.1689074187356057, 38], [27, 6, 0.9988455359952018, 2.255613592891809, 35], [48, 96, 0.9988455359952018, 2.335483661643505, 35], [44, 113, 0.9988455359952018, 2.4190353195984087, 31], [29, 19, 0.9988455359952018, 2.511736353360872, 31], [37, 101, 0.9988455359952018, 2.5684185973692304, 35], [9, 2, 0.9988455359952018, 2.6345126579603644, 39], [3, 12, 0.9988455359952018, 2.687503128884523, 39], [43, 39, 0.9988455359952018, 2.7385178172799414, 33], [2, 111, 0.9988455359952018, 2.801776969397166, 32], [43, 104, 0.9988455359952018, 2.868814475602425, 38], [48, 14, 0.9988455359952018, 2.9202021089218255, 30], [20, 63, 0.9988455359952018, 2.9902446306572847, 38], [21, 35, 0.9988455359952018, 3.0487349462221602, 30], [37, 55, 0.9988455359952018, 3.1088819823220466, 30], [33, 23, 0.9988455359952018, 3.1699294356820573, 30], [31, 40, 0.9988455359952018, 3.2188460315792717, 31], [41, 13, 0.9988455359952018, 3.2635981541008747, 35], [2, 16, 0.9988455359952018, 3.323040605407378, 30], [45, 99, 0.9988455359952018, 3.366353524875175, 39], [13, 107, 0.9988455359952018, 3.4101574167917437, 39]],