{"0": 3997.5956840515137, "1": 3905.8050627708435, "2": 3934.1412279605865, "3": 3966.8924989700317, "4": 3940.256947040558}